[
    {
      "apakstips": "sāls",
      "daudzums": 100,
      "id": 2,
      "komentari": "",
      "mervienibas": "g",
      "nosaukums": "Kalcija karbonāts CaCO3",
      "skaits": 25,
      "tips": "reaģents"
    },
    {
      "apakstips": "hidroksīds",
      "daudzums": 50,
      "id": 3,
      "komentari": "Šķīdums izvedots un sapildīts 2020.09.23",
      "mervienibas": "ml",
      "nosaukums": "NaOH šķīdums 10%",
      "skaits": 45,
      "tips": "reaģents"
    },
    {
      "apakstips": "skābe",
      "daudzums": 100,
      "id": 4,
      "komentari": "Šķīdums izvedots un sapildīts 2020.10.21",
      "mervienibas": "ml",
      "nosaukums": "Sālsskābes HCl šķīdums 20%",
      "skaits": 24,
      "tips": "reaģents"
    },
    {
      "apakstips": "test1",
      "daudzums": 50,
      "id": 5,
      "komentari": "Šķīdums izvedots un sapildīts 2020.09.23",
      "mervienibas": "ml",
      "nosaukums": "NaOH šķīdums 10%",
      "skaits": 45,
      "tips": "reaģents"
    },
    {
      "apakstips": "hidroksīds",
      "daudzums": 100,
      "id": 6,
      "komentari": "Šķīdums izvedots un sapildīts 2020.10.21",
      "mervienibas": "ml",
      "nosaukums": "NaOH šķīdums 20%",
      "skaits": 413,
      "tips": "reaģents"
    },
    {
      "apakstips": "test2",
      "daudzums": 50,
      "id": 7,
      "komentari": "Šķīdums izvedots un sapildīts lorem ipsum",
      "mervienibas": "ml",
      "nosaukums": "NaOH šķīdums 10%",
      "skaits": 45,
      "tips": "reaģents"
    },
    {
      "apakstips": "test2",
      "daudzums": 5,
      "id": 8,
      "komentari": "Šķīdums izvedots un sapildīts lorem ipsum",
      "mervienibas": "ml",
      "nosaukums": "Nosaukums lorem ipsum",
      "skaits": 4,
      "tips": "reaģents"
    },
    {
      "apakstips": "test2",
      "daudzums": 5,
      "id": 9,
      "komentari": "Šķīdums izvedots un sapildīts lorem ipsum",
      "mervienibas": "ml",
      "nosaukums": "Nosaukums lorem ipsum",
      "skaits": 4,
      "tips": "reaģents"
    },
    {
      "apakstips": "test2",
      "daudzums": 5,
      "id": 10,
      "komentari": "Šķīdums izvedots un sapildīts lorem ipsum",
      "mervienibas": "ml",
      "nosaukums": "Nosaukums lorem ipsum",
      "skaits": 4,
      "tips": "reaģents"
    },
    {
      "apakstips": "test2",
      "daudzums": 5,
      "id": 11,
      "komentari": "Šķīdums izvedots un sapildīts lorem ipsum",
      "mervienibas": "ml",
      "nosaukums": "Nosaukums lorem ipsum",
      "skaits": 4,
      "tips": "reaģents"
    },
    {
      "apakstips": "test2",
      "daudzums": 5,
      "id": 12,
      "komentari": "Šķīdums izvedots un sapildīts lorem ipsum",
      "mervienibas": "ml",
      "nosaukums": "Nosaukums lorem ipsum",
      "skaits": 4,
      "tips": "reaģents"
    },
    {
      "apakstips": "test2",
      "daudzums": 5,
      "id": 13,
      "komentari": "Šķīdums izvedots un sapildīts lorem ipsum",
      "mervienibas": "ml",
      "nosaukums": "Nosaukums lorem ipsum",
      "skaits": 4,
      "tips": "reaģents"
    },
    {
      "apakstips": "test2",
      "daudzums": 5,
      "id": 14,
      "komentari": "Šķīdums izvedots un sapildīts lorem ipsum",
      "mervienibas": "ml",
      "nosaukums": "Nosaukums lorem ipsum",
      "skaits": 4,
      "tips": "reaģents"
    },
    {
      "apakstips": "test2",
      "daudzums": 5,
      "id": 15,
      "komentari": "Šķīdums izvedots un sapildīts lorem ipsum",
      "mervienibas": "ml",
      "nosaukums": "Nosaukums lorem ipsum",
      "skaits": 4,
      "tips": "reaģents"
    }
  ]